{
  "corpus_bleu": 91.40010456626284,
  "average_scores": {
    "rouge1_f1": 0.8459550946996627,
    "rouge2_f1": 0.7123640381712055,
    "rougeL_f1": 0.8371093559125661,
    "meteor": 0.09222306412440853,
    "edit_distance": 58.446666666666665,
    "normalized_edit_distance": 0.7151551929596661,
    "cdm": 0.9478616657657091,
    "semantic_similarity": 0.8895032142847776,
    "structural_similarity": 0.8884313891103287,
    "bleu": 66.53667598314836,
    "wer": 3.348016908875622,
    "cer": 0.3747335952707376
  },
  "std_scores": {
    "rouge1_f1": 0.16795335045594365,
    "rouge2_f1": 0.2433249166371322,
    "rougeL_f1": 0.170566780833815,
    "meteor": 0.18194496977000973,
    "edit_distance": 120.53646953884491,
    "normalized_edit_distance": 0.21653049082357934,
    "cdm": 0.07192976323318274,
    "semantic_similarity": 0.14371585063259562,
    "structural_similarity": 0.15697684073360416,
    "bleu": 22.795774566767133,
    "wer": 10.846005814506857,
    "cer": 0.7549864380985957
  }
}